{
  "imu_sensors": {
    "HMC5883L": {
      "ident": 3, 
      "group": "imu_sensors", 
      "name": "HMC5883L", 
      "pytype": "<B", 
      "__class__": "ParamTocElement", 
      "ctype": "uint8_t", 
      "access": 0
    }, 
    "MS5611": {
      "ident": 4, 
      "group": "imu_sensors", 
      "name": "MS5611", 
      "pytype": "<B", 
      "__class__": "ParamTocElement", 
      "ctype": "uint8_t", 
      "access": 0
    }
  }, 
  "sensorfusion6": {
    "ki": {
      "ident": 29, 
      "group": "sensorfusion6", 
      "name": "ki", 
      "pytype": "<f", 
      "__class__": "ParamTocElement", 
      "ctype": "float", 
      "access": 0
    }, 
    "kp": {
      "ident": 28, 
      "group": "sensorfusion6", 
      "name": "kp", 
      "pytype": "<f", 
      "__class__": "ParamTocElement", 
      "ctype": "float", 
      "access": 0
    }
  }, 
  "firmware": {
    "revision0": {
      "ident": 30, 
      "group": "firmware", 
      "name": "revision0", 
      "pytype": "<L", 
      "__class__": "ParamTocElement", 
      "ctype": "uint32_t", 
      "access": 0
    }, 
    "revision1": {
      "ident": 31, 
      "group": "firmware", 
      "name": "revision1", 
      "pytype": "<H", 
      "__class__": "ParamTocElement", 
      "ctype": "uint16_t", 
      "access": 0
    }, 
    "modified": {
      "ident": 32, 
      "group": "firmware", 
      "name": "modified", 
      "pytype": "<B", 
      "__class__": "ParamTocElement", 
      "ctype": "uint8_t", 
      "access": 0
    }
  }, 
  "cpu": {
    "flash": {
      "ident": 6, 
      "group": "cpu", 
      "name": "flash", 
      "pytype": "<H", 
      "__class__": "ParamTocElement", 
      "ctype": "uint16_t", 
      "access": 0
    }, 
    "id2": {
      "ident": 9, 
      "group": "cpu", 
      "name": "id2", 
      "pytype": "<L", 
      "__class__": "ParamTocElement", 
      "ctype": "uint32_t", 
      "access": 0
    }, 
    "id0": {
      "ident": 7, 
      "group": "cpu", 
      "name": "id0", 
      "pytype": "<L", 
      "__class__": "ParamTocElement", 
      "ctype": "uint32_t", 
      "access": 0
    }, 
    "id1": {
      "ident": 8, 
      "group": "cpu", 
      "name": "id1", 
      "pytype": "<L", 
      "__class__": "ParamTocElement", 
      "ctype": "uint32_t", 
      "access": 0
    }
  }, 
  "pid_rate": {
    "yaw_kp": {
      "ident": 16, 
      "group": "pid_rate", 
      "name": "yaw_kp", 
      "pytype": "<f", 
      "__class__": "ParamTocElement", 
      "ctype": "float", 
      "access": 0
    }, 
    "roll_kd": {
      "ident": 12, 
      "group": "pid_rate", 
      "name": "roll_kd", 
      "pytype": "<f", 
      "__class__": "ParamTocElement", 
      "ctype": "float", 
      "access": 0
    }, 
    "pitch_kp": {
      "ident": 13, 
      "group": "pid_rate", 
      "name": "pitch_kp", 
      "pytype": "<f", 
      "__class__": "ParamTocElement", 
      "ctype": "float", 
      "access": 0
    }, 
    "roll_ki": {
      "ident": 11, 
      "group": "pid_rate", 
      "name": "roll_ki", 
      "pytype": "<f", 
      "__class__": "ParamTocElement", 
      "ctype": "float", 
      "access": 0
    }, 
    "pitch_ki": {
      "ident": 14, 
      "group": "pid_rate", 
      "name": "pitch_ki", 
      "pytype": "<f", 
      "__class__": "ParamTocElement", 
      "ctype": "float", 
      "access": 0
    }, 
    "roll_kp": {
      "ident": 10, 
      "group": "pid_rate", 
      "name": "roll_kp", 
      "pytype": "<f", 
      "__class__": "ParamTocElement", 
      "ctype": "float", 
      "access": 0
    }, 
    "yaw_kd": {
      "ident": 18, 
      "group": "pid_rate", 
      "name": "yaw_kd", 
      "pytype": "<f", 
      "__class__": "ParamTocElement", 
      "ctype": "float", 
      "access": 0
    }, 
    "yaw_ki": {
      "ident": 17, 
      "group": "pid_rate", 
      "name": "yaw_ki", 
      "pytype": "<f", 
      "__class__": "ParamTocElement", 
      "ctype": "float", 
      "access": 0
    }, 
    "pitch_kd": {
      "ident": 15, 
      "group": "pid_rate", 
      "name": "pitch_kd", 
      "pytype": "<f", 
      "__class__": "ParamTocElement", 
      "ctype": "float", 
      "access": 0
    }
  }, 
  "pid_attitude": {
    "yaw_kp": {
      "ident": 25, 
      "group": "pid_attitude", 
      "name": "yaw_kp", 
      "pytype": "<f", 
      "__class__": "ParamTocElement", 
      "ctype": "float", 
      "access": 0
    }, 
    "roll_kd": {
      "ident": 21, 
      "group": "pid_attitude", 
      "name": "roll_kd", 
      "pytype": "<f", 
      "__class__": "ParamTocElement", 
      "ctype": "float", 
      "access": 0
    }, 
    "pitch_kp": {
      "ident": 22, 
      "group": "pid_attitude", 
      "name": "pitch_kp", 
      "pytype": "<f", 
      "__class__": "ParamTocElement", 
      "ctype": "float", 
      "access": 0
    }, 
    "roll_ki": {
      "ident": 20, 
      "group": "pid_attitude", 
      "name": "roll_ki", 
      "pytype": "<f", 
      "__class__": "ParamTocElement", 
      "ctype": "float", 
      "access": 0
    }, 
    "pitch_ki": {
      "ident": 23, 
      "group": "pid_attitude", 
      "name": "pitch_ki", 
      "pytype": "<f", 
      "__class__": "ParamTocElement", 
      "ctype": "float", 
      "access": 0
    }, 
    "roll_kp": {
      "ident": 19, 
      "group": "pid_attitude", 
      "name": "roll_kp", 
      "pytype": "<f", 
      "__class__": "ParamTocElement", 
      "ctype": "float", 
      "access": 0
    }, 
    "yaw_kd": {
      "ident": 27, 
      "group": "pid_attitude", 
      "name": "yaw_kd", 
      "pytype": "<f", 
      "__class__": "ParamTocElement", 
      "ctype": "float", 
      "access": 0
    }, 
    "yaw_ki": {
      "ident": 26, 
      "group": "pid_attitude", 
      "name": "yaw_ki", 
      "pytype": "<f", 
      "__class__": "ParamTocElement", 
      "ctype": "float", 
      "access": 0
    }, 
    "pitch_kd": {
      "ident": 24, 
      "group": "pid_attitude", 
      "name": "pitch_kd", 
      "pytype": "<f", 
      "__class__": "ParamTocElement", 
      "ctype": "float", 
      "access": 0
    }
  }, 
  "imu_tests": {
    "HMC5883L": {
      "ident": 1, 
      "group": "imu_tests", 
      "name": "HMC5883L", 
      "pytype": "<B", 
      "__class__": "ParamTocElement", 
      "ctype": "uint8_t", 
      "access": 0
    }, 
    "MS5611": {
      "ident": 2, 
      "group": "imu_tests", 
      "name": "MS5611", 
      "pytype": "<B", 
      "__class__": "ParamTocElement", 
      "ctype": "uint8_t", 
      "access": 0
    }, 
    "MPU6050": {
      "ident": 0, 
      "group": "imu_tests", 
      "name": "MPU6050", 
      "pytype": "<B", 
      "__class__": "ParamTocElement", 
      "ctype": "uint8_t", 
      "access": 0
    }
  }, 
  "imu_acc_lpf": {
    "factor": {
      "ident": 5, 
      "group": "imu_acc_lpf", 
      "name": "factor", 
      "pytype": "<B", 
      "__class__": "ParamTocElement", 
      "ctype": "uint8_t", 
      "access": 0
    }
  }
}